"","Lot","Arrival_Date","Kill_Date","Company","Plant","Lariage_Time","Pen_Density","Arrival_Temp","Mobility_Temp","Unloading_Temp","Arrival_Humidity","Mobility_Humidity","Unloading_Humidity","Hot_Weight","Yield","Live_Weight","Sex","Kill Shift","Arrival_to_Unload_Time","Total_Time_on_Truck","Trip_Time_to_Plant","Splitkill","No_Limp","Slight_Limp","Limp","No_movement","Arrival Date.y","Head_Count"
"1","1022967",2021-05-26,2021-05-26,"2",4,137,33.41,78,86,83,64,49,53,852,NA,NA,"Steer","B",129,165,36,0,57,7,0,0,2021-05-26,"64"
"2","1022969",2021-05-26,2021-05-26,"2",4,152.5,83.84,82,79,85,56,69,49,882,NA,NA,"Steer","B",100.5,136.5,36,1,68,22,0,0,2021-05-26,"51"
"3","1023099",2021-05-27,2021-05-27,"2",4,96.5,19.62,77,82,77,64,45,64,771,NA,NA,"Steer","A",16.6666666666667,32.6666666666667,16,1,292,20,0,0,2021-05-27,"221"
"4","1023101",2021-05-28,2021-05-28,"2",4,70,28.65,59,58,59,87,90,87,NA,NA,NA,".","A",9.33333333333333,25.3333333333333,16,1,214,13,0,0,2021-05-28,"227"
"5","1023103",2021-05-27,2021-05-27,"2",4,161.5,32.89,77,83,77,64,36,64,804,NA,NA,"Steer","A",26,42,16,1,37,2,0,0,2021-05-27,"130"
"6","1023105",2021-05-28,2021-05-28,"2",4,113.5,14.74,58,60,58,90,83,90,NA,NA,NA,".","A",8,24,16,1,133,12,0,0,2021-05-28,"145"
"7","1023109",2021-05-27,2021-05-27,"2",4,88,21.42,77,85,82,64,32,45,875,NA,NA,"Steer","A",82,98,16,1,195,6,0,0,2021-05-27,"201"
"8","1023145",2021-05-28,2021-05-28,"2",4,78,25.81,59,58,59,93,90,93,NA,NA,NA,".","A",6.66666666666667,53.6666666666667,47,0,76,8,0,0,2021-05-28,"84"
"9","1023147",2021-05-28,2021-05-28,"2",4,61,38.04,59,58,59,93,90,93,NA,NA,NA,".","A",10.4,57.4,47,1,164,7,0,0,2021-05-28,"171"
"10","1023149",2021-05-28,2021-05-28,"2",4,56,36.34,61,59,61,88,93,90,NA,NA,NA,".","A",25.2,72.2,47,1,173,6,0,0,2021-05-28,"179"
"11","1023151",2021-05-28,2021-05-28,"2",4,56,29.83,60,59,60,90,93,90,NA,NA,NA,".","A",9,56,47,1,215,3,0,0,2021-05-28,"218"
"12","1023153",2021-05-28,2021-05-28,"2",4,64,38.37,59,59,59,93,87,93,NA,NA,NA,".","A",7.16666666666667,54.1666666666667,47,1,220,6,0,0,2021-05-28,"226"
"13","1024259",2021-05-27,2021-05-27,"2",4,54,43.8,84,64,64,31,84,84,844,NA,NA,"Steer","A",67.3333333333333,114.333333333333,47,0,98,1,0,0,2021-05-27,"99"
"14","1024263",2021-05-27,2021-05-27,"2",4,53,19.48,64,66,64,87,90,87,829,NA,NA,"Steer","A",14,61,47,1,204,17,0,0,2021-05-27,"221"
"15","1024265",2021-05-27,2021-05-27,"2",4,30.5,20.26,66,71,66,90,87,90,802,NA,NA,"Steer","A",8,55,47,1,191,23,0,0,2021-05-27,"214"
"16","1024267",2021-05-27,2021-05-27,"2",4,58,32.85,64,64,64,78,84,78,915,NA,NA,"Steer","A",71,118,47,0,61,5,0,0,2021-05-27,"66"
"17","1024269",2021-05-27,2021-05-27,"2",4,77,69.94,64,66,64,84,90,84,799,NA,NA,"Heifer","A",20.5,67.5,47,0,58,4,0,0,2021-05-27,"62"
"18","1024273",2021-05-27,2021-05-27,"2",4,70,51.26,64,64,64,78,87,84,773,NA,NA,"Heifer","A",60.6666666666667,107.666666666667,47,0,81,3,0,0,2021-05-27,"84"
"19","1024275",2021-05-27,2021-05-27,"2",4,61,45.81,64,66,64,84,90,84,777,NA,NA,"Heifer","A",29.3333333333333,76.3333333333333,47,1,87,7,0,0,2021-05-27,"94"
"20","1024277",2021-05-27,2021-05-27,"2",4,60,28.71,64,64,64,87,87,84,786,NA,NA,"Heifer","A",48.5,95.5,47,1,144,6,0,0,2021-05-27,"150"
"21","1024281",2021-05-27,2021-05-27,"2",4,16.5,17.36,71,75,75,87,76,76,782,NA,NA,"Steer","A",13.7142857142857,137.714285714286,124,1,229,19,0,0,2021-05-27,"248"
"22","1024283",2021-05-27,2021-05-27,"2",4,34,19.26,71,75,75,87,76,76,779,NA,NA,"Steer","A",15.3333333333333,139.333333333333,124,1,99,12,0,0,2021-05-27,"111"
"23","1024285",2021-05-27,2021-05-27,"2",4,28.5,29.29,71,75,71,87,76,87,790,NA,NA,"Heifer","A",12.75,136.75,124,1,137,10,0,0,2021-05-27,"147"
"24","1024348",2021-05-27,2021-05-27,"2",4,NA,18.02,75,82,77,76,45,64,858,NA,NA,"Steer","A",23.7142857142857,129.714285714286,106,1,226,13,0,0,2021-05-27,"239"
"25","1024350",2021-05-27,2021-05-27,"2",4,122,54.2,75,82,77,76,45,64,840,NA,NA,"Heifer","A",18,124,106,1,39,1,0,0,2021-05-27,"40"
"26","1024352",2021-05-27,2021-05-27,"2",4,NA,12.7,75,82,77,76,45,64,853,NA,NA,"Steer","A",24.6666666666667,130.666666666667,106,1,326,12,0,0,2021-05-27,"339"
"27","1024354",2021-05-27,2021-05-27,"2",4,100,52.88,77,85,82,64,32,45,743,NA,NA,"Heifer","A",82,188,106,1,35,6,0,0,2021-05-27,"41"
"28","1024382",2021-05-28,2021-05-28,"2",4,104.5,35.3,59,59,59,87,87,87,NA,NA,NA,".","A",10.5,116.5,106,1,116,6,0,0,2021-05-28,"122"
"29","1024404",2021-05-26,2021-05-26,"2",4,165,34.97,82,82,85,56,62,49,756,NA,NA,"Heifer","B",78,114,36,0,61,1,0,0,2021-05-26,"62"
"30","1024438",2021-05-26,2021-05-26,"2",4,145,61.07,83,82,85,53,62,49,777,NA,NA,"Heifer","B",85,101,16,1,65,6,0,0,2021-05-26,"71"
"31","1024442",2021-05-26,2021-05-26,"2",4,120.5,31.66,78,86,83,64,49,53,835,NA,NA,"Steer","B",136.75,152.75,16,1,123,13,0,0,2021-05-26,"136"
"32","1024446",2021-05-26,2021-05-26,"2",4,NA,62.88,NA,NA,NA,NA,NA,NA,759,NA,NA,"Mix","B",NA,NA,106,0,30,4,0,0,2021-05-26,"34"
"33","1024448",2021-05-26,2021-05-26,"2",4,85.5,41.92,82,86,83,56,48,53,898,NA,NA,"Steer","B",112.666666666667,128.666666666667,16,1,92,10,0,0,2021-05-26,"102"
"34","1024456",2021-05-26,2021-05-26,"2",4,153.5,39.5,78,86,82,64,49,56,761,NA,NA,"Steer","B",102,230,128,1,98,11,0,0,2021-05-26,"109"
"35","1066046",2021-07-21,2021-07-21,"2",4,NA,37.38,61,NA,61,81,NA,78,919,NA,NA,"Steer","A",52.5,92.5,40,NA,NA,NA,NA,NA,2021-07-21,"58"
"36","1066048",2021-07-21,2021-07-21,"2",4,NA,22.58,61,NA,61,78,NA,78,923,NA,NA,"Steer","A",33.2222222222222,73.2222222222222,40,NA,NA,NA,NA,NA,2021-07-21,"284"
"37","1066050",2021-07-21,2021-07-21,"2",4,NA,30.97,63,NA,63,78,NA,78,906,NA,NA,"Steer","A",25.5,65.5,40,NA,NA,NA,NA,NA,2021-07-21,"140"
"38","1066052",2021-07-21,2021-07-21,"2",4,NA,15.33,64,NA,67,79,NA,79,915,NA,NA,"Steer","A",32,72,40,NA,NA,NA,NA,NA,2021-07-21,"279"
"39","1066735",2021-07-21,2021-07-21,"2",4,NA,NA,64,NA,64,79,NA,79,904,NA,NA,"Steer","A",15,48,33,NA,NA,NA,NA,NA,2021-07-21,"217"
"40","1066743",2021-07-21,2021-07-21,"2",4,NA,29.04,67,NA,72,79,NA,71,879,NA,NA,"Steer","A",66.6666666666667,99.6666666666667,33,NA,NA,NA,NA,NA,2021-07-21,"224"
"41","1068218",2021-07-22,2021-07-22,"2",4,113.5,38.62,86,88,87,32,30,31,826,NA,NA,"Mix","B",56.2,51.5714285714286,16,1,208,16,0,0,2021-07-22,"223"
"42","1068222",2021-07-23,2021-07-23,"2",4,62,19.05,66,74,68,81,68,78,816,NA,NA,"Mix","A",14.8333333333333,30.8333333333333,16,1,72,4,0,0,2021-07-23,"226"
"43","1068223",2021-07-23,2021-07-23,"2",4,67,33.35,68,68,66,73,78,81,782,NA,NA,"Steer","A",25.4,41.4,16,0,182,13,0,0,2021-07-23,"195"
"44","1068228",2021-07-23,2021-07-23,"2",4,67.5,34.78,67,66,67,76,81,76,731,NA,NA,"Heifer","A",32.6,48.6,16,0,172,14,0,0,2021-07-23,"187"
"45","1068229",2021-07-23,2021-07-23,"2",4,79,32.85,67,66,68,76,81,73,840,NA,NA,"Steer","A",29.75,45.75,16,0,127,5,0,0,2021-07-23,"132"
"46","1068230",2021-07-22,2021-07-22,"2",4,148.5,65.24,88,85,88,31,34,31,775,NA,NA,"Heifer","B",30,46,16,0,64,2,0,0,2021-07-22,"66"
"47","1068233",2021-07-23,2021-07-23,"2",4,97.5,36.49,66,74,66,81,68,81,699,NA,NA,"Heifer","A",19.5,35.5,16,1,116,2,0,0,2021-07-23,"118"
"48","1068234",2021-07-23,2021-07-23,"2",4,12.5,32.85,68,66,68,73,81,73,875,NA,NA,"Steer","A",34.1666666666667,50.1666666666667,16,1,191,7,0,0,2021-07-23,"198"
"49","1068300",2021-07-22,2021-07-22,"2",4,101,38.14,87,87,87,31,32,31,704,NA,NA,"Heifer","B",43.5,51.7142857142857,47,1,252,11,0,0,2021-07-22,"225"
"50","1068308",2021-07-22,2021-07-22,"2",4,168.5,55.53,88,85,88,31,34,31,778,NA,NA,"Heifer","B",36,83,47,0,77,0,0,0,2021-07-22,"77"
"51","1070634",2021-07-22,2021-07-22,"2",4,92.5,214.55,88,87,88,31,32,30,819,NA,NA,"Mix","B",31.3333333333333,31.3333333333333,NA,0,35,5,0,0,2021-07-22,"40"
"52","1070636",2021-07-22,2021-07-22,"2",4,NA,56.28,87,88,88,31,31,31,770,NA,NA,"Heifer","B",50,156,106,0,351,24,2,0,2021-07-22,"229"
"53","1070664",2021-07-22,2021-07-22,"2",4,163.5,58.32,87,87,87,31,32,31,757,NA,NA,"Heifer","B",45.8333333333333,91.1,106,1,103,8,0,0,2021-07-22,"111"
"54","1070672",2021-07-22,2021-07-22,"2",4,102,63.32,88,85,88,31,34,30,893,NA,NA,"Steer","B",25,25,NA,0,64,4,0,0,2021-07-22,"68"
"55","1070694",2021-07-21,2021-07-21,"2",4,NA,26.96,67,NA,67,79,NA,79,942,NA,NA,"Steer","A",31.2857142857143,47.2857142857143,16,NA,NA,NA,NA,NA,2021-07-21,"239"
"56","1070696",2021-07-21,2021-07-21,"2",4,NA,NA,64,NA,64,79,NA,79,952,NA,NA,"Mix","A",13.6666666666667,29.6666666666667,16,NA,NA,NA,NA,NA,2021-07-21,"90"
"57","1070698",2021-07-21,2021-07-21,"2",4,NA,37.81,61,NA,63,78,NA,78,959,NA,NA,"Steer","A",23.2,39.2,16,NA,NA,NA,NA,NA,2021-07-21,"172"
"58","1070700",2021-07-21,2021-07-21,"2",4,NA,36.31,67,NA,72,79,NA,71,864,NA,NA,"Steer","A",66.4,102.4,36,NA,NA,NA,NA,NA,2021-07-21,"178"
"59","1084279",2021-08-09,2021-08-09,"2",4,105.5,27.79,103,100,103,13,16,13,716,NA,NA,"Heifer","B",10.5,50.5,40,0,146,10,0,0,2021-08-09,"156"
"60","1084281",2021-08-09,2021-08-09,"2",4,69,25.49,101,100,101,16,16,16,757,NA,NA,"Heifer","B",17.3333333333333,57.3333333333333,40,0,242,12,0,0,2021-08-09,"254"
"61","1084283",2021-08-09,2021-08-09,"2",4,72,21.82,101,100,101,16,16,16,821,NA,NA,"Heifer","B",5,45,40,0,96,2,0,0,2021-08-09,"98"
"62","1084285",2021-08-09,2021-08-09,"2",4,17.5,30.97,100,100,100,16,16,16,744,NA,NA,"Mix","B",10.75,50.75,40,0,69,1,0,0,2021-08-09,"70"
"63","1084287",2021-08-10,2021-08-10,"2",4,111.5,29.3,97,96,97,26,27,26,887,NA,NA,NA,"B",5.5,45.5,40,0,140,8,0,0,2021-08-10,"148"
"64","1084330",2021-08-10,2021-08-10,"2",4,149,35.88,93,99,95,34,24,33,803,NA,NA,NA,"B",19,19,NA,1,111,9,0,0,2021-08-10,"120"
"65","1084332",2021-08-10,2021-08-10,"2",4,167,55.59,93,99,95,34,24,33,830,NA,NA,NA,"B",53,53,NA,0,35,4,0,0,2021-08-10,"39"
"66","1084334",2021-08-10,2021-08-10,"2",4,102,125.76,93,99,96,34,24,31,872,NA,NA,NA,"B",95,95,NA,0,16,1,0,0,2021-08-10,"17"
"67","1084336",2021-08-10,2021-08-10,"2",4,166.5,26.77,95,96,96,33,27,31,777,NA,NA,NA,"B",50,50,NA,0,76,4,1,0,2021-08-10,"81"
"68","1084338",2021-08-10,2021-08-10,"2",4,78,27.95,96,99,96,31,24,31,897,NA,NA,NA,"B",16.75,16.75,NA,1,150,3,0,0,2021-08-10,"153"
"69","1084340",2021-08-09,2021-08-09,"2",4,139.5,152.71,102,101,102,17,16,17,781,NA,NA,"Heifer","B",13,49,36,1,146,19,2,0,2021-08-09,"42"
"70","1084344",2021-08-09,2021-08-09,"2",4,72.5,29.9,103,101,103,14,16,14,778,NA,NA,"Heifer","B",15.25,51.25,36,1,135,8,1,0,2021-08-09,"144"
"71","1084356",2021-08-11,2021-08-11,"2",4,51,55.59,80,81,80,56,54,56,NA,NA,NA,"Steer","A",21,54,33,0,36,3,0,0,2021-08-11,"39"
"72","1084363",2021-08-09,2021-08-09,"2",4,197,27.27,99,101,99,21,16,21,928,NA,NA,"Heifer","B",21,54,33,0,152,7,0,0,2021-08-09,"159"
"73","1084371",2021-08-10,2021-08-10,"2",4,149,38.79,93,96,96,34,27,31,870,NA,NA,NA,"B",80.3333333333333,113.333333333333,33,1,103,8,0,0,2021-08-10,"111"
"74","1084385",2021-08-11,2021-08-11,"2",4,53.5,35.16,75,80,75,66,56,66,NA,NA,NA,"Steer","A",12.4,45.4,33,1,178,7,0,0,2021-08-11,"185"
"75","1084387",2021-08-11,2021-08-11,"2",4,42.5,33.88,76,75,74,62,66,68,NA,NA,NA,"Steer","A",33,66,33,0,247,9,0,0,2021-08-11,"256"
"76","1084391",2021-08-11,2021-08-11,"2",4,52,34.14,74,75,74,68,66,68,NA,NA,NA,"Steer","A",16.1428571428571,49.1428571428571,33,0,249,5,0,0,2021-08-11,"254"
"77","1084393",2021-08-11,2021-08-11,"2",4,60.5,31.42,75,80,75,66,56,66,NA,NA,NA,"Steer","A",6.5,39.5,33,0,66,3,0,0,2021-08-11,"69"
"78","1084395",2021-08-11,2021-08-11,"2",4,46.5,29.7,80,81,80,56,54,56,NA,NA,NA,"Steer","A",7.66666666666667,40.6666666666667,33,1,210,9,0,0,2021-08-11,"219"
"79","1091831",2021-08-17,2021-08-17,"2",3,143,27.09,95,85,93,14,25,14,889,NA,NA,"Mix","B",135,135,NA,0,84,7,1,0,2021-08-17,"92"
"80","1091833",2021-08-17,2021-08-17,"2",3,132,7.89,95,85,93,14,25,14,863,NA,NA,"Mix","B",142,142,NA,0,60,1,0,0,2021-08-17,"61"
"81","1091837",2021-08-17,2021-08-17,"2",3,97.5,21.12,98,94,95,15,14,14,785,NA,NA,"Heifer","B",16.3333333333333,16.3333333333333,NA,0,108,10,0,0,2021-08-17,"118"
"82","1091839",2021-08-17,2021-08-17,"2",3,120.5,15.15,98,94,98,15,14,15,814,NA,NA,"Heifer","B",15.75,15.75,NA,0,302,15,2,0,2021-08-17,"319"
"83","1091841",2021-08-17,2021-08-17,"2",3,64.5,26.07,95,94,95,14,14,14,930,NA,NA,"Steer","B",9.5,9.5,NA,0,52,3,0,0,2021-08-17,"55"
"84","1091843",2021-08-17,2021-08-17,"2",3,113.5,6.25,98,94,98,15,14,15,796,NA,NA,"Heifer","B",15,15,NA,0,71,6,0,0,2021-08-17,"77"
"85","1092004",2021-08-17,2021-08-17,"2",3,153.5,7.94,94,86,94,14,22,14,832,NA,NA,"Mix","B",24.1111111111111,24.1111111111111,NA,0,344,13,0,0,2021-08-17,"357"
"86","1092006",2021-08-17,2021-08-17,"2",3,99,20.24,93,85,93,14,25,14,966,NA,NA,"Steer","B",25.5,25.5,NA,0,113,3,0,0,2021-08-17,"116"
"87","1092068",2021-08-17,2021-08-17,"2",3,154.5,21.68,94,94,98,18,14,15,918,NA,NA,"Steer","B",45.5714285714286,45.5714285714286,NA,0,226,22,2,0,2021-08-17,"250"
"88","111",2021-05-10,2021-05-10,"1",1,159.5,27.96,40,51,40,0.86,0.56,0.86,928,64.87,1431,"Steer","A",3.25,29.25,26,0,114,7,1,0,2021-05-10,"122"
"89","1119522",2021-09-24,2021-09-24,"2",3,583.5,12.32,72,66,72,29,36,29,827,NA,NA,"Heifer","B",19.2857142857143,19.2857142857143,NA,0,335,36,1,0,2021-09-24,"372"
"90","1119524",2021-09-24,2021-09-24,"2",3,643.5,20.38,70,70,70,31,31,31,827,NA,NA,"Heifer","B",36.5714285714286,36.5714285714286,NA,0,324,26,3,0,2021-09-24,"353"
"91","1119526",2021-09-24,2021-09-24,"2",3,703.5,31.63,66,62,63,36,43,41,879,NA,NA,"Steer","B",86,86,NA,0,160,12,0,0,2021-09-24,"172"
"92","1119990",2021-09-24,2021-09-24,"2",3,463.5,39.05,70,73,72,32,28,30,952,NA,NA,"Steer","B",18.4285714285714,18.4285714285714,NA,0,145,28,0,0,2021-09-24,"243"
"93","112",2021-05-10,2021-05-10,"1",1,216,35.69,40,53,40,0.86,0.52,0.86,930,64.8,1435,"Steer","A",13,39,26,0,65,0,0,0,2021-05-10,"65"
"94","1120874",2021-09-20,2021-09-21,"2",3,403.5,0,50,43.5,45,0.57,0.825,0.83,945,NA,NA,"Steer","A",141.272727272727,141.272727272727,NA,0,373,37,3,0,2021-09-20,"414"
"95","1122954",2021-09-24,2021-09-24,"2",3,523.5,7.9,73,70,73,30,31,30,989,NA,NA,"Steer","B",13.8333333333333,13.8333333333333,NA,1,828,90,11,0,2021-09-24,"929"
"96","1123407",2021-09-24,2021-09-24,"2",3,763.5,17.4,66,58,62,36,51,43,969,NA,NA,"Steer","B",103.666666666667,103.666666666667,NA,0,75,22,4,0,2021-09-24,"103"
"97","113",2021-05-10,2021-05-10,"1",1,164,29.3466666666667,49,54,49,0.66,0.53,0.66,927,65.17,1422,"Steer","A",3.33333333333333,60.3333333333333,57,0,216,7,0,0,2021-05-10,"223"
"98","114",2021-05-10,2021-05-10,"1",1,157,30.95,44,54,44,0.73,0.53,0.73,903,64.37,1403,"Mix","A",2.75,69.75,67,1,151,1,0,0,2021-05-10,"152"
"99","1143101",2021-10-20,2021-10-20,"2",4,62.5,38.71,43,47,44,74,63,71,949,NA,NA,"Steer","A",12.2,48.2,36,1,164,6,0,0,2021-10-20,"168"
"100","1143103",2021-10-20,2021-10-20,"2",4,72.5,31.65,44,51,44,71,52,71,773,NA,NA,"Heifer","A",14.25,54.25,40,0,133,4,0,0,2021-10-20,"137"
"101","1143105",2021-10-20,2021-10-20,"2",4,62,57.05,47,51,47,63,52,63,881,NA,NA,"Steer","A",25,65,40,1,37,1,0,0,2021-10-20,"38"
"102","1143107",2021-10-20,2021-10-20,"2",4,NA,27.43,NA,56,NA,NA,42,NA,903,NA,NA,"Steer","A",NA,NA,40,0.5,140,10,0,0,2021-10-20,"157"
"103","1143149",2021-10-19,2021-10-19,"2",4,NA,101.81,77,NA,80,29,NA,25,758,NA,NA,"Steer","B",48,84,36,NA,NA,NA,NA,NA,2021-10-19,"21"
"104","1143153",2021-10-19,2021-10-19,"2",4,197,30.11,80,84,83,25,15,20,759,NA,NA,"Steer","B",54.6666666666667,90.6666666666667,36,1,220,2,0,0,2021-10-19,"72"
"105","1143155",2021-10-20,2021-10-20,"2",4,46,33.18,49,45,47,64,68,66,944,NA,NA,"Steer","A",54.5,90.5,36,0,189,7,0,0,2021-10-20,"196"
"106","1143157",2021-10-20,2021-10-20,"2",4,63,34.69,45,43,45,68,74,68,899,NA,NA,"Steer","A",21.4285714285714,57.4285714285714,36,0,247,3,0,0,2021-10-20,"250"
"107","1143159",2021-10-20,2021-10-20,"2",4,73.5,37.25,45,44,45,68,71,68,733,NA,NA,"Heifer","A",7.6,43.6,36,0,167,6,0,0,2021-10-20,"173"
"108","1143161",2021-10-20,2021-10-20,"2",4,55,39.06,43,44,43,74,71,74,841,NA,NA,"Steer","A",10,50,40,0,111,0,0,0,2021-10-20,"111"
"109","1143163",2021-10-20,2021-10-20,"2",4,NA,36.34,NA,51,NA,NA,52,NA,938,NA,NA,"Steer","A",NA,NA,36,1,169,9,1,0,2021-10-20,"179"
"110","1143177",2021-10-19,2021-10-19,"2",4,86,23.24,85,81,85,16,16,16,907,NA,NA,"Steer","B",8,41,33,1,180,4,0,0,2021-10-19,"184"
"111","1143179",2021-10-19,2021-10-19,"2",4,142.5,38.97,85,76,85,16,21,16,861,NA,NA,"Steer","B",16,49,33,1,217,4,0,0,2021-10-19,"221"
"112","1143183",2021-10-19,2021-10-19,"2",4,74.5,34.07,84,84,84,19,15,19,895,NA,NA,"Steer","B",9.8,42.8,33,1,182,8,0,0,2021-10-19,"190"
"113","1143185",2021-10-20,2021-10-20,"2",4,NA,24.36,NA,56,NA,NA,42,NA,896,NA,NA,"Steer","A",NA,NA,33,0,83,6,0,0,2021-10-20,"89"
"114","1143187",2021-10-20,2021-10-20,"2",4,92,32.85,44,51,47,71,52,63,971,NA,NA,"Steer","A",20.5,53.5,33,0,64,2,0,0,2021-10-20,"66"
"115","1143193",2021-10-20,2021-10-20,"2",4,68,31.9,47,56,47,63,42,63,913,NA,NA,"Steer","A",28,61,33,1,191,2,0,0,2021-10-20,"135"
"116","1146911",2021-10-19,2021-10-19,"2",4,113.5,31.91,85,81,85,16,16,16,782,NA,NA,"Heifer","B",19.5,19.5,NA,0,65,2,0,0,2021-10-19,"67"
"117","1149603",2021-10-19,2021-10-19,"2",4,169.5,142.53,84,65,84,15,21,15,847,NA,NA,"Steer","B",9.4,9.4,NA,0.5,29,1,0,0,2021-10-19,"30"
"118","1149607",2021-10-19,2021-10-19,"2",4,130,50.9,84,81,85,19,16,16,846,NA,NA,"Heifer","B",31.5,31.5,NA,1,120,6,0,0,2021-10-19,"126"
"119","1149609",2021-10-19,2021-10-19,"2",4,104.5,NA,80,85,83,25,16,20,878,NA,NA,"Heifer","B",55.6666666666667,55.6666666666667,NA,1,187,8,0,0,2021-10-19,"193"
"120","1149639",2021-10-19,2021-10-19,"2",4,NA,0,84,84,81,15,15,16,810,NA,NA,"Steer","B",NA,NA,NA,0,29,0,0,0,2021-10-19,"30"
"121","1149641",2021-10-19,2021-10-19,"2",4,181.5,33.35,80,84,83,25,15,20,960,NA,NA,"Steer","B",47.5,47.5,NA,0,62,3,0,0,2021-10-19,"65"
"122","115",2021-05-10,2021-05-10,"1",1,164,30.9625,51,57,51,0.56,0.49,0.56,852,63.64,1339,"Steer","a, b",6.5,148.5,142,1,158,4,0,0,2021-05-10,"162"
"123","116",2021-05-10,2021-05-10,"1",1,255.5,30.7571428571429,51,57,53,0.56,0.47,0.52,1490,64.41,1490,"Steer","B",12.5,69.5,57,0,336,9,0,0,2021-05-10,"345"
"124","117",2021-05-10,2021-05-10,"1",1,339.5,30.74,51,57,51,0.56,0.47,0.56,901,64.59,1395,"Steer","B",10,116,106,0,71,1,0,0,2021-05-10,"72"
"125","118",2021-05-10,2021-05-10,"1",1,343,38.07,51,57,53,0.56,0.47,0.52,858,63.92,1342,"Heifer","B",16.5,122.5,106,0,56,1,0,0,2021-05-10,"58"
"126","119",2021-05-10,2021-05-10,"1",1,299,26.49,53,56,54,0.52,0.49,0.53,901,62.98,1431,"Heifer","B",30.5,136.5,106,0,135,1,0,0,2021-05-10,"136"
"127","121",2021-03-01,2021-03-01,"1",1,196.5,31.1733333333333,45,48,45,0.42,0.36,0.42,919,62.83,1462,"Steer","B",5.5,62.5,57,0,185,21,0,0,2021-03-01,"206"
"128","121",2021-05-10,2021-05-10,"1",1,305,29.18,54,56,54,0.53,0.49,0.53,832,63.9,1303,"Steer","B",42.5,148.5,106,0,83,2,0,0,2021-05-10,"85"
"129","122",2021-03-01,2021-03-01,"1",1,172.5,39.2775,47,49,47,0.37,0.36,0.37,853,62.93,1356,"Mix","B",17.1666666666667,84.1666666666667,67,1,192,24,0,0,2021-03-01,"216"
"130","1223525",2022-01-12,2022-01-12,"2",4,249,80.3,58,81,59,31,12,31,NA,NA,NA,"Steer","A",46,86,40,0,27,0,0,0,2022-01-12,"27"
"131","1223565",2022-01-12,2022-01-12,"2",4,152,43.25,54,72,54,34,20,34,788,NA,NA,"Heifer","A",46.3333333333333,46.3333333333333,NA,1,133,16,0,0,2022-01-12,"149"
"132","1223567",2022-01-12,2022-01-12,"2",4,90.5,31.43,58,78,59,31,15,31,852,NA,NA,"Steer","A",30.7142857142857,30.7142857142857,NA,1,257,17,0,0,2022-01-12,"274"
"133","1223569",2022-01-12,2022-01-12,"2",4,4.5,28.8,54,78,59,34,15,31,848,NA,NA,"Steer","A",42.8,42.8,NA,1,259,39,1,0,2022-01-12,"299"
"134","1223613",2022-01-11,2022-01-11,"2",4,103.5,24.76,44,43,44,26,28,26,794,NA,NA,"Steer","A",7.42857142857143,40.4285714285714,33,0,227,31,1,0,2022-01-11,"259"
"135","1223615",2022-01-11,2022-01-11,"2",4,141,41.57,43,57,43,28,17,28,892,NA,NA,"Steer","A",13.25,46.25,33,1,148,7,0,0,2022-01-11,"155"
"136","1223617",2022-01-11,2022-01-11,"2",4,97,8.5,40,47,40,33,27,33,833,NA,NA,"Steer","A",11.5714285714286,44.5714285714286,33,1,246,9,0,0,2022-01-11,"255"
"137","1223621",2022-01-12,2022-01-12,"2",4,113.5,38.08,59,81,67,31,12,23,NA,NA,NA,"Steer","A",41.2,74.2,33,1,156,15,0,0,2022-01-12,"170"
"138","1223623",2022-01-12,2022-01-12,"2",4,163,36.75,58,72,58,31,20,31,904,NA,NA,"Steer","A",10,43,33,0,103,15,0,0,2022-01-12,"118"
"139","1223625",2022-01-12,2022-01-12,"2",4,109,34.83,72,86,78,20,10,15,897,NA,NA,"Steer","A",111.8,144.8,33,1,167,18,0,0,2022-01-12,"185"
"140","1223627",2022-01-12,2022-01-12,"2",4,139.5,29.3,67,86,81,23,10,12,824,NA,NA,"Heifer","A",150,273,123,0,61,13,0,0,2022-01-12,"74"
"141","1223629",2022-01-12,2022-01-12,"2",4,149.5,29.1,58,81,59,31,12,31,NA,NA,NA,"Steer","A",25.5,58.5,33,1,137,12,0,0,2022-01-12,"149"
"142","1226220",2022-01-11,2022-01-11,"2",4,100,28.7,46,40,46,25,33,25,749,NA,NA,"Heifer","A",32.3333333333333,65.3333333333333,33,0,140,9,0,0,2022-01-11,"149"
"143","1226252",2022-01-11,2022-01-11,"2",4,30.5,21.11,43,57,47,28,17,27,977,NA,NA,"Steer","A",20.8,36.8,16,1,182,22,0,0,2022-01-11,"204"
"144","1226269",2022-01-12,2022-01-12,"2",4,156,71.27,67,87,81,23,10,12,922,NA,NA,"Steer","A",162.5,376.5,214,0,55,5,0,0,2022-01-12,"60"
"145","1226271",2022-01-12,2022-01-12,"2",4,139.5,35.93,67,83,78,23,12,15,NA,NA,NA,"Steer","A",102,226,124,1,110,9,0,0,2022-01-12,"119"
"146","1226273",2022-01-12,2022-01-12,"2",4,143,36.78,59,81,67,31,12,23,NA,NA,NA,"Steer","A",38,162,124,1,163,13,0,0,2022-01-12,"176"
"147","1226279",2022-01-12,2022-01-12,"2",4,155.5,22.04,67,86,78,23,10,15,NA,NA,NA,"Steer","A",129,253,124,0,90,7,0,0,2022-01-12,"97"
"148","1229628",2022-01-12,2022-01-12,"2",4,181,65.7,67,83,72,23,12,20,938,NA,NA,"Steer","A",66,66,NA,0,26,5,2,0,2022-01-12,"33"
"149","123",2021-03-01,2021-03-01,"1",1,183.5,29.11,47,48,47,0.37,0.37,0.37,817,61.9,1319,"Heifer","B",2,30,28,0,41,2,0,0,2021-03-01,"43"
"150","124",2021-03-01,2021-03-01,"1",1,205.5,33.1,47,49,48,0.37,0.36,0.36,878,62.48,1405,"Mix","B",13.6666666666667,18.6666666666667,5,0,96,16,0,0,2021-03-01,"112"
"151","125",2021-03-01,2021-03-01,"1",1,139,28.948,48,49,48,0.36,0.36,0.36,885,63.34,1397,"Steer","B",19.9,71.9,52,1,310,35,0,0,2021-03-01,"345"
"152","1258837",2022-02-17,2022-02-17,"2",3,162.5,9.98,24,31,24,91,76,91,NA,NA,NA,"Steer","B",18,18,18,NA,NA,NA,NA,NA,2022-02-17,"249"
"153","1258839",2022-02-17,2022-02-17,"2",3,65.5,17.93,29,31,29,78,76,78,NA,NA,NA,"Heifer","B",20.2857142857143,20.2857142857143,18,0,207,32,4,0,2022-02-17,"243"
"154","1258865",2022-02-17,2022-02-17,"2",3,221,26.33,21,31,21,92,76,92,894,NA,NA,"Steer","B",15.1111111111111,169.111111111111,154,0,291,26,4,0,2022-02-17,"321"
"155","12588671A",2022-02-17,2022-02-17,"2",3,55,10.53,NA,NA,NA,NA,NA,NA,893,NA,NA,"Steer","B",13.8333333333333,167.833333333333,154,1,212,24,0,0,2022-02-17,"236"
"156","12588672A",2022-02-17,2022-02-17,"2",3,5.5,6.01,NA,NA,NA,NA,NA,NA,892,NA,NA,"Steer","B",7.5,161.5,154,1,70,10,0,0,2022-02-17,"80"
"157","12588691B",2022-02-17,2022-02-17,"2",3,41,14.57,NA,NA,NA,NA,NA,NA,850,NA,NA,"Heifer","B",17.1666666666667,171.166666666667,154,1,232,19,1,0,2022-02-17,"252"
"158","12588692B",2022-02-17,2022-02-17,"2",3,137.5,28.4,NA,NA,NA,NA,NA,NA,846,NA,NA,"Heifer","B",62.6666666666667,216.666666666667,154,1,115,9,0,0,2022-02-17,"124"
"159","1258871",2022-02-17,2022-02-17,"2",3,107,6.21,23,18,23,65,74,65,860,NA,NA,"Heifer","B",41.4,195.4,154,0,360,40,0,0,2022-02-17,"400"
"160","1258873",2022-02-17,2022-02-17,"2",3,54.5,32.7,20,18,20,68,74,68,779,NA,NA,"Heifer","B",44,198,154,0,133,17,0,0,2022-02-17,"150"
"161","1265396",2022-02-17,2022-02-17,"2",3,118.5,23.36,32,31,32,66,64,66,835,NA,NA,"Steer","B",40.5,40.5,NA,0,185,25,0,0,2022-02-17,"210"
"162","1265399",2022-02-17,2022-02-17,"2",3,83.5,7.18,29,31,29,78,76,78,963,NA,NA,"Steer","B",22.5,22.5,NA,0,61,5,0,0,2022-02-17,"67"
"163","128",2021-04-12,2021-04-12,"1",2,197,29.98,49,58,49,0.36,0.26,0.36,737,63.95,1152,".","B",6,63,57,0,130,19,0,0,2021-04-12,"."
"164","129",2021-04-12,2021-04-12,"1",2,233,41.55,49,58,49,0.36,0.26,0.36,744,62.6,1188,"Steer","B",13,70,57,0,38,2,0,0,2021-04-12,"40"
"165","130",2021-04-12,2021-04-12,"1",2,232,41.55,49,58,49,0.36,0.26,0.36,749,62.6,1196,"Steer","B",2,59,57,0,35,5,0,0,2021-04-12,"40"
"166","1302661",2022-04-07,2022-04-07,"2",3,NA,0,49,NA,49,20,NA,20,905,NA,NA,".","B",26.5,26.5,NA,NA,84,0,0,0,2022-04-07,"84"
"167","1305159",2022-04-07,2022-04-07,"2",3,NA,0,49,NA,49,20,NA,20,903,NA,NA,"Heifer","B",22.5,183.5,161,NA,146,0,0,0,2022-04-07,"146"
"168","1305161",2022-04-07,2022-04-07,"2",3,NA,0,51,NA,51,18,NA,18,884,NA,NA,"Heifer","B",29,29,NA,NA,35,0,0,0,2022-04-07,"35"
"169","1305175",2022-04-07,2022-04-07,"2",3,NA,0,54,NA,54,16,NA,16,982,NA,NA,"Steer","B",23,50,27,NA,124,0,0,0,2022-04-07,"124"
"170","1305179",2022-04-07,2022-04-07,"2",3,NA,0,55,NA,55,16,NA,16,880,NA,NA,"Heifer","B",22.25,49.25,27,NA,136,0,0,0,2022-04-07,"136"
"171","1305188",2022-04-07,2022-04-07,"2",3,NA,0,51,NA,54,18,NA,16,802,NA,NA,"Heifer","B",28,28,NA,NA,54,0,0,0,2022-04-07,"54"
"172","1305190",2022-04-07,2022-04-07,"2",3,NA,0,51,NA,51,18,NA,18,927,NA,NA,"Steer","B",24.5,24.5,NA,NA,65,0,0,0,2022-04-07,"65"
"173","1305194",2022-04-07,2022-04-07,"2",3,NA,0,49,NA,51,20,NA,18,929,NA,NA,"Steer","B",33,76,43,NA,62,0,0,0,2022-04-07,"62"
"174","1305196",2022-04-07,2022-04-07,"2",3,134,16.5,55,54,56,16,15,15,904,NA,NA,"Heifer","B",112.75,155.75,43,NA,142,9,0,0,2022-04-07,"151"
"175","1305201",2022-04-07,2022-04-07,"2",3,4,35.17,56,52,54,14,16,15,789,NA,NA,"Heifer","B",27.2,27.2,3.13333333333333,1,163,28,1,0,2022-04-07,"192"
"176","1305211",2022-04-07,2022-04-07,"2",3,71,6.87,56,54,56,15,15,14,799,NA,NA,"Steer","B",47,56,9,NA,67,3,0,0,2022-04-07,"70"
"177","1305213",2022-04-07,2022-04-07,"2",3,77,14.93,56,54,56,15,15,14,775,NA,NA,"Steer","B",70,79,9,NA,37,3,0,0,2022-04-07,"40"
"178","1305215",2022-04-07,2022-04-07,"2",3,59,43.97,54,47,52,15,21,16,862,NA,NA,"Steer","B",75.625,254.625,179,NA,74,64,2,0,2022-04-07,"140"
"179","1305217",2022-04-07,2022-04-07,"2",3,72,6.01,56,47,52,14,21,16,880,NA,NA,"Steer","B",73,252,179,NA,76,4,0,0,2022-04-07,"80"
"180","1305219",2022-04-07,2022-04-07,"2",3,6,22.8,56,54,54,14,15,15,895,NA,NA,"Steer","B",37.4,55.4,18,NA,152,9,0,0,2022-04-07,"161"
"181","1305221",2022-04-07,2022-04-07,"2",3,74,66.21,54,47,52,15,21,16,874,NA,NA,"Heifer","B",16.6666666666667,34.6666666666667,18,NA,96,6,0,0,2022-04-07,"102"
"182","1305223",2022-04-07,2022-04-07,"2",3,NA,108.35,NA,NA,NA,NA,NA,NA,951,NA,NA,"Heifer","B",NA,NA,NA,NA,23,0,0,0,2022-04-07,"23"
"183","1306314",2022-04-07,2022-04-07,"2",3,NA,0,NA,NA,NA,NA,NA,NA,805,NA,NA,".","B",NA,NA,NA,NA,215,0,0,0,2022-04-07,"215"
"184","1306322",2022-04-07,2022-04-07,"2",3,NA,0,NA,NA,NA,NA,NA,NA,993,NA,NA,"Steer","B",NA,NA,NA,NA,191,0,0,0,2022-04-07,"191"
"185","131",2021-04-12,2021-04-12,"1",2,228.666666666667,22.46,49,58,51,0.36,0.36,0.35,790,64.02,1234,"Steer","B",10.5,67.5,57,0,66,8,0,0,2021-04-12,"74"
"186","132",2021-04-12,2021-04-12,"1",2,250,41.55,49,59,49,0.36,0.26,0.36,736,63.18,1166,"Heifer","B",3,60,57,0,39,1,0,0,2021-04-12,"40"
"187","133",2021-04-12,2021-04-12,"1",2,190,29.07,54,59,54,0.3,0.26,0.3,839,65.83,1275,"Steer","B",6.85714285714286,89.8571428571428,83,1,229,9,0,0,2021-04-12,"238"
"188","134",2021-04-12,2021-04-12,"1",2,205,42.62,54,59,54,0.3,0.26,0.3,717,64.52,1111,"Heifer","B",6,83,77,0,37,2,0,0,2021-04-12,"39"
"189","135",2021-04-12,2021-04-12,"1",2,193,46.03,54,59,54,0.3,0.26,0.3,729,64.75,1126,"Heifer","B",7,84,77,1,74,10,0,0,2021-04-12,"107"
"190","201",2021-05-10,2021-05-11,"1",1,866,22.2,56,45,56,0.49,0.68,0.49,943,63.62,1482,"Heifer","A",14,136,122,0,47,2,0,0,2021-05-10,"49"
"191","201",2021-07-27,2021-07-27,"2",3,35,8.46,61,61,61,72,78,72,915,NA,NA,"Steer","A",6.28571428571429,6.28571428571429,NA,0,255,18,0,0,2021-07-27,"273"
"192","202",2021-03-01,2021-03-02,"1",1,886.5,30.58,66,37,63,0.17,0.48,0.2,875,62.79,1394,"Heifer","A",25,115,90,0,158,44,0,0,2021-03-01,"202"
"193","202",2021-04-12,2021-04-13,"1",2,632.5,23.74,56,61,57,0.29,0.22,0.29,924,63.94,1445,"Steer","A",5.5,88.5,83,0,66,4,0,0,2021-04-12,"70"
"194","202",2021-05-10,2021-05-11,"1",1,756,31.19,56,41,56,0.49,0.67,0.47,769,63.11,1218,"Steer","A",5.5,127.5,122,0,73,0,0,0,2021-05-10,"73"
"195","203",2021-03-01,2021-03-02,"1",1,NA,30.59,NA,37,NA,NA,0.48,NA,870,62.49,1393,"Mix","A",17,50,33,0,41,5,0,0,2021-03-01,"46"
"196","203",2021-04-12,2021-04-13,"1",2,699,18.89,59,61,59,0.26,0.22,0.26,912,64.39,1416,"Steer","A",2.66666666666667,85.6666666666667,83,0,85,3,0,0,2021-04-12,"88"
"197","203",2021-05-10,2021-05-11,"1",1,710.5,38.75,56,41,56,0.49,0.67,0.47,908,64.42,1409,"Steer","A",30,152,122,0,62,2,0,0,2021-05-10,"64"
"198","203",2021-07-27,2021-07-27,"2",3,79.5,11.25,69,73,73,58,57,57,905,NA,NA,"Steer","A",19.4285714285714,19.4285714285714,NA,0,242,31,1,0,2021-07-27,"274"
"199","204",2021-03-01,2021-03-02,"1",1,901.5,30.2833333333333,63,42,56,0.2,0.41,0.29,841,61.43,1369,"Steer","A",15.6666666666667,93.6666666666667,78,0,110,13,0,0,2021-03-01,"123"
"200","204",2021-04-12,2021-04-13,"1",2,742.5,25.97,59,61,59,0.26,0.22,0.26,903,63.84,1414,"Steer","A",2,85,83,0,60,4,0,0,2021-04-12,"64"
"201","204",2021-05-10,2021-05-11,"1",1,819,41.25,56,45,56,0.49,0.68,0.47,852,62.99,1352,"Mix","A",55,177,122,0,14,0,0,0,2021-05-10,"14"
"202","205",2021-03-01,2021-03-02,"1",1,965,37.3625,63,48,56,0.2,0.36,0.29,758,60.24,1259,"Heifer","A",29.3333333333333,119.333333333333,90,0,125,17,0,0,2021-03-01,"142"
"203","205",2021-05-10,2021-05-11,"1",1,653,30.94,56,41,55,0.47,0.67,0.51,947,65.21,1453,"Steer","A",60.5,138.5,78,0,82,2,0,0,2021-05-10,"84"
"204","205",2021-07-27,2021-07-27,"2",3,82.5,21.04,69,73,73,58,57,57,876,NA,NA,"Mix","A",57.5,57.5,NA,0,58,9,0,0,2021-07-27,"67"
"205","206",2021-05-10,2021-05-11,"1",1,706,41.2066666666667,56,43,55,0.47,0.65,0.51,845,63.77,1324,"Heifer","A",60,112,52,1,171,2,0,0,2021-05-10,"173"
"206","206",2021-07-27,2021-07-27,"2",3,63,22.64,69,73,73,58,57,57,951,NA,NA,"Steer","A",71,71,NA,0,69,7,0,0,2021-07-27,"76"
"207","208",2021-07-26,2021-07-27,"2",3,249,20.06,73,61,67,49,78,61,937,NA,NA,"Steer","A",79.2666666666667,79.2666666666667,NA,0,487,55,5,0,2021-07-26,"547"
"208","209",2021-05-10,2021-05-11,"1",1,1071.5,31.355,57,57,56,0.47,0.49,0.49,802,64.46,1245,"Mix","A",20.75,185.75,165,0,123,15,0,0,2021-05-10,"138"
"209","213",2021-05-11,2021-05-11,"1",1,193.5,29.85,45,57,45,0.68,0.49,0.68,959,64.59,1485,"Steer","A",4.66666666666667,61.6666666666667,57,0,215,6,0,0,2021-05-11,"221"
"210","214",2021-05-11,2021-05-11,"1",1,127,32.4816666666667,52,57,52,0.59,0.4,0.59,892,63.16,1407,"Mix","a, b",8.57142857142857,75.5714285714286,67,1,283,13,0,0,2021-05-11,"296"
"211","215",2021-03-02,2021-03-02,"1",1,244,24.95,42,65,48,0.41,0.17,0.36,838,62,1351,"Heifer","B",25.6,92.6,67,0,217,30,0,0,2021-03-02,"247"
"212","215",2021-05-11,2021-05-11,"1",1,308,31.635,52,58,57,0.59,0.41,0.49,962,63.09,1524,"Heifer","B",21.3333333333333,207.333333333333,186,0,115,7,0,0,2021-05-11,"122"
"213","216",2021-03-02,2021-03-02,"1",1,321,32.84,42,67,48,0.41,0.16,0.36,812,60.43,1344,"Heifer","B",38,163,125,0,40,2,0,0,2021-03-02,"42"
"214","216",2021-05-11,2021-05-11,"1",1,333,44.975,52,58,52,0.59,0.41,0.59,718,61.88,1161,"Heifer","B",4.66666666666667,183.666666666667,179,0,120,3,0,0,2021-05-11,"123"
"215","217",2021-03-02,2021-03-02,"1",1,NA,31.79,NA,65,NA,NA,0.17,NA,920,61.04,1507,"Steer","B",NA,NA,37,0,71,7,0,0,2021-03-02,"78"
"216","217",2021-05-11,2021-05-11,"1",1,341,30.8933333333333,52,57,57,0.59,0.4,0.49,948,64.48,1470,"Steer","B",24.6666666666667,81.6666666666667,57,0,207,6,0,0,2021-05-11,"213"
"217","218",2021-05-11,2021-05-11,"1",1,359,67.5,52,57,57,0.59,0.4,0.49,782,62.3,1255,"Steer","B",37,94,57,0,5,1,0,0,2021-05-11,"6"
"218","224",2021-07-26,2021-07-27,"2",3,279.5,16.72,73,61,65,49,78,65,841,NA,NA,"Heifer","A",NA,NA,NA,0,125,24,0,0,2021-07-26,"149"
"219","227",2021-04-13,2021-04-13,"1",2,229,44.92,53,61,55,0.3,0.21,0.28,883,64.68,1365,"Mix","B",76,143,67,0,33,4,0,0,2021-04-13,"37"
"220","228",2021-04-13,2021-04-13,"1",2,219,22.46,55,61,57,0.28,0.21,0.25,1003,65.96,1521,"Steer","B",55,145,90,0,67,7,0,0,2021-04-13,"74"
"221","229",2021-04-13,2021-04-13,"1",2,255,38.375,53,60,55,0.3,0.22,0.28,898,66.16,1357,"Steer","B",73.3333333333333,153.333333333333,80,0,96,3,0,0,2021-04-13,"99"
"222","230",2021-04-13,2021-04-13,"1",2,170.5,37.035,56,NA,56,0.26,NA,0.26,700,63.98,1093,"Heifer","B",15.6666666666667,60.6666666666667,45,1,63,3,0,0,2021-04-13,"100"
"223","301",2021-04-13,2021-04-14,"1",2,710.5,29.16,61,46,61,0.22,0.5,0.22,712,64.52,1104,".","A",5.5,47.5,42,0,53,4,0,0,2021-04-13,"."
"224","301",2021-05-11,2021-05-12,"1",1,730.5,45.5125,57,44,57,0.4,0.71,0.4,785,65.7,1195,"Mix","A",7.5,267.5,260,1,156,4,0,0,2021-05-11,"160"
"225","302",2021-04-13,2021-04-14,"1",2,689.5,27.25,61,46,61,0.22,0.5,0.22,920,63.2,1456,"Steer","A",5,62,57,0,57,4,0,0,2021-04-13,"61"
"226","302",2021-05-11,2021-05-12,"1",1,613,36.47,56,39,55,0.42,0.79,0.42,866,63.4,1365,"Heifer","A",87.6666666666667,139.666666666667,52,1,122,4,0,0,2021-05-11,"126"
"227","303",2021-04-13,2021-04-14,"1",2,656,35.745,60,45,60,0.23,0.48,0.23,698,63.23,1104,"Heifer","A",5,62,57,0,82,11,0,0,2021-04-13,"93"
"228","304",2021-04-13,2021-04-14,"1",2,755,31.73,60,45,60,0.22,0.48,0.22,878,61.71,1423,"Heifer","A",2.66666666666667,59.6666666666667,57,0,96,9,0,0,2021-04-13,"105"
"229","305",2021-04-13,2021-04-14,"1",2,676,33.84,60,45,60,0.23,0.48,0.23,849,64.33,1320,"Steer","A",4.5,81.5,77,0,125,7,0,0,2021-04-13,"132"
"230","305",2021-05-11,2021-05-12,"1",1,735,66.15,56,44,56,0.42,0.71,0.42,1019,64.29,1576,"Steer","A",70,171,101,1,186,3,0,0,2021-05-11,"189"
"231","305",2021-06-09,2021-06-09,"1",2,121.5,26.28,73,65,69,81,78,84,749,63.58,1178,"Heifer","A",19,76,57,0,117,3,0,0,2021-06-09,"170"
"232","306",2021-06-09,2021-06-09,"1",2,133.5,22.46,69,65,69,84,78,84,784,64.51,1215,"Heifer","A",5,62,57,0,74,0,0,0,2021-06-09,"74"
"233","306",2021-06-30,2021-06-30,"2",3,109.5,14.59,84,85,84,33,29,33,696,NA,NA,"Mix","B",49,49,NA,0,65,13,0,0,2021-06-30,"78"
"234","307",2021-03-03,2021-03-03,"1",1,185,30.4633333333333,33,30,31,0.72,0.82,0.79,899.5,64.24,1401,"Steer","A",5.33333333333333,62.3333333333333,57,0,205,7,0,0,2021-03-03,"212"
"235","307",2021-04-14,2021-04-14,"1",2,175,23.74,47,45,47,0.48,0.48,0.48,839,64.02,1310,"Steer","A",9.5,92.5,83,0,67,3,0,0,2021-04-14,"70"
"236","307",2021-06-09,2021-06-09,"1",2,128,26.81,69,65,69,84,78,84,762,64,1191,"Mix","A",4.5,61.5,57,0,61,1,0,0,2021-06-09,"62"
"237","307",2021-06-30,2021-06-30,"2",3,69.5,20.01,84,85,84,33,29,33,968,NA,NA,"Steer","B",5.5,5.5,NA,0,84,2,0,0,2021-06-30,"86"
"238","308",2021-03-03,2021-03-02,"1",1,191.5,NA,NA,NA,NA,NA,NA,NA,NA,NA,NA,"Steer","A",2,59,57,NA,NA,NA,NA,NA,2021-03-03,"70"
"239","308",2021-04-14,2021-04-14,"1",2,161.5,27.7566666666667,46,45,46,0.5,0.49,0.5,757,64.08,1182,"Heifer","A",8.2,91.2,83,1,195,2,0,0,2021-04-14,"197"
"240","308",2021-06-09,2021-06-09,"1",2,131.5,30.22,69,65,69,84,78,84,942,65.24,1444,"Steer","A",4,61,57,0,54,1,0,0,2021-06-09,"55"
"241","308",2021-06-30,2021-06-30,"2",3,64.5,20.43,85,84,84,29,29,29,874,NA,NA,"Mix","B",10,10,NA,0,68,1,0,0,2021-06-30,"69"
"242","309",2021-04-14,2021-04-14,"1",2,206,20.52,47,45,47,0.48,0.49,0.48,914,62.49,1463,"Steer","A",13.3333333333333,96.3333333333333,83,0,81,0,0,0,2021-04-14,"81"
"243","309",2021-06-09,2021-06-09,"1",2,113.5,24.09,64,71,64,90,51,90,715,64.82,1103,"Mix","A",18,75,57,0,134,4,0,0,2021-06-09,"138"
"244","310",2021-04-14,2021-04-14,"1",2,217.5,24.81,47,45,46,0.48,0.49,0.5,947,64.02,1479,"Steer","A",11,94,83,0,63,4,0,0,2021-04-14,"67"
"245","310",2021-06-09,2021-06-09,"1",2,106,22.77,64,71,64,90,51,90,746,65.04,1148,"Heifer","A",19,76,57,0,72,1,0,0,2021-06-09,"73"
"246","310",2021-06-30,2021-06-30,"2",3,43,25.82,80,77,75,40,46,50,936,NA,NA,"Steer","B",85.6666666666667,85.6666666666667,NA,0,307,51,0,0,2021-06-30,"358"
"247","311",2021-06-09,2021-06-09,"1",2,114.5,23.86,64,77,64,90,42,90,831,65.23,1274,"Steer","A",10.5,67.5,57,0,196,10,1,0,2021-06-09,"209"
"248","312",2021-06-09,2021-06-09,"1",2,172.5,21.31,65,77,65,78,42,78,775,64.31,1204,"Heifer","A",6,63,57,0,69,1,0,0,2021-06-09,"78"
"249","312",2021-06-23,2021-06-23,"1",1,200,32.3366666666667,64,79,64,72,64,72,954,64.84,1471,"Steer","A",1.66666666666667,22.6666666666667,21,0,110,2,0,0,2021-06-23,"112"
"250","313",2021-06-09,2021-06-09,"1",2,162,30.19,65,82,65,78,33,78,753,65.2,1155,"Heifer","A",3.2,60.2,57,0,196,7,0,0,2021-06-09,"203"
"251","313",2021-06-23,2021-06-23,"1",1,155,27.7725,67,79,67,68,64,68,869,64.13,1355,"Heifer","A",13.7928571428571,108.792857142857,95,0,254,3,0,0,2021-06-23,"257"
"252","314",2021-06-09,2021-06-09,"1",2,190.5,41.04,65,82,65,78,33,78,841,64.51,1303,"Steer","A",3.5,60.5,57,0,80,1,0,0,2021-06-09,"81"
"253","314",2021-06-23,2021-06-23,"1",1,244.583333333333,30.86,67,85,67,68,57,68,819,64.44,1271,"Mix","A",10.4388888888889,19.4388888888889,9,0,129,1,0,0,2021-06-23,"130"
"254","315",2021-06-09,2021-06-09,"1",2,177,36.94,71,87,71,51,26,51,827,64.32,1286,"Heifer","A",30.5,81.5,51,0,43,2,0,0,2021-06-09,"45"
"255","315",2021-06-23,2021-06-23,"1",1,241.833333333333,29.54,67,85,71,68,57,68,880,65.18,1350,"Steer","A",27.3611111111111,36.3611111111111,9,0,148,2,0,0,2021-06-23,"150"
"256","316",2021-06-09,2021-06-09,"1",2,261,30.78,71,87,71,51,26,51,940,62.75,1497,"Steer","A",11,68,57,0,51,3,0,0,2021-06-09,"54"
"257","316",2021-06-23,2021-06-23,"1",1,249.333333333333,32.28,71,88,71,68,53,68,967,64.1,1509,"Steer","A",4.0375,61.0375,57,0,137,12,0,0,2021-06-23,"149"
"258","317",2021-06-09,2021-06-09,"1",2,256,47.49,71,87,71,51,26,51,931,64.46,1444,"Steer","A",22,67,45,0,32,3,0,0,2021-06-09,"35"
"259","317",2021-06-23,2021-06-23,"1",1,330.583333333333,32.0875,75,92,75,66,48,66,814,62.59,1300,"Mix","B",5.15333333333333,72.1533333333333,67,0,192,8,0,0,2021-06-23,"200"
"260","318",2021-06-09,2021-06-09,"1",2,226,57.31,77,91,77,42,23,42,785,62.94,1248,"Mix","A",51,96,45,0,29,0,0,0,2021-06-09,"29"
"261","318",2021-06-23,2021-06-23,"1",1,379.3,42.46,75,92,75,66,48,66,940,63.43,1482,"Steer","B",3.26666666666667,44.6333333333333,43,0,52,0,0,0,2021-06-23,"52"
"262","319",2021-06-09,2021-06-09,"1",2,195.5,50.37,65,91,65,78,23,78,904,64.66,1398,"Steer","A",39,96,57,0,32,1,0,0,2021-06-09,"33"
"263","319",2021-06-23,2021-06-23,"1",1,375.566666666667,35.98,75,92,75,66,48,66,871,63.04,1381,"Heifer","B",8.94166666666667,51.9416666666667,43,0,50,10,1,0,2021-06-23,"61"
"264","320",2021-06-09,2021-06-09,"1",2,176.5,37.35,65,91,71,78,23,51,862,65.33,1319,"Steer","A",29.6666666666667,82.6666666666667,53,0,175,4,0,0,2021-06-09,"89"
"265","320",2021-06-23,2021-06-23,"1",1,394.75,32.49,75,92,75,66,48,66,950,61.87,1535,"Steer","B",7.25,64.25,57,0,34,2,0,0,2021-06-23,"36"
"266","321",2021-06-09,2021-06-09,"1",2,185,30.22,71,91,71,51,23,51,869,65.44,1328,"Steer","A",37.6666666666667,90.6666666666667,53,0,110,0,0,0,2021-06-09,"110"
"267","321",2021-06-23,2021-06-23,"1",1,355.683333333333,30.3225,79,92,79,64,48,64,786,64.24,1224,"Heifer","B",16.7666666666667,59.7666666666667,43,0,191,5,0,0,2021-06-23,"196"
"268","322",2021-06-09,2021-06-09,"1",2,252.5,29.68,71,91,71,51,23,51,825,65.36,1262,"Steer","A",26.3333333333333,71.3333333333333,45,0,111,1,0,0,2021-06-09,"112"
"269","322",2021-06-23,2021-06-23,"1",1,401.783333333333,25.9925,79,90,79,64,54,64,787,63.95,1231,"Heifer","B",14.8366666666667,65.8366666666667,51,0,203,2,0,0,2021-06-23,"205"
"270","323",2021-06-09,2021-06-09,"1",2,254,37.86,77,93,77,42,20,42,829,64.62,1283,"Steer","A",17.5,54.3333333333333,49,0,114,4,0,0,2021-06-09,"118"
"271","323",2021-06-30,2021-06-30,"2",3,NA,24.97,84,84,84,29,29,29,938,NA,NA,"Steer","B",19.5,19.5,NA,0,142,5,0,0,2021-06-30,"147"
"272","324",2021-06-09,2021-06-09,"1",2,234,40.05,77,93,77,42,20,42,867,65.9,1315,"Steer","A",18,79,61,0,77,5,1,0,2021-06-09,"83"
"273","324",2021-06-23,2021-06-23,"1",1,359.383333333333,35.58,85,89,85,57,55,57,880,63.72,1382,"Steer","B",3.11666666666667,9.11666666666667,6,0,61,3,0,0,2021-06-23,"64"
"274","325",2021-06-09,2021-06-09,"1",2,179,47.49,82,93,82,33,20,33,898,64.39,1394,"Mix","A",6,96,90,0,31,3,1,0,2021-06-09,"35"
"275","325",2021-06-30,2021-06-30,"2",3,12.5,17.49,84,82,85,29,38,29,788,NA,NA,"Mix","B",42,42,NA,0,66,1,0,0,2021-06-30,"67"
"276","326",2021-06-09,2021-06-09,"1",2,179.5,29.68,82,93,82,33,20,33,821,63.81,1286,"Heifer","A",4.5,94.5,90,0,54,2,0,0,2021-06-09,"56"
"277","327",2021-06-09,2021-06-09,"1",2,173.5,42.54,82,91,87,33,23,26,875,63.76,1372,"Mix","A",7.33333333333333,89.75,86,0,95,9,1,0,2021-06-09,"105"
"278","328",2021-06-09,2021-06-09,"1",2,172,30.78,87,93,87,26,19,26,834,62.2,1340,"Steer","A",10,104,94,0,101,7,0,0,2021-06-09,"108"
"279","328",2021-06-30,2021-06-30,"2",3,132,17.76,77,84,77,45,29,45,934,NA,NA,"Steer","B",42,42,NA,0,65,1,0,0,2021-06-30,"66"
"280","330",2021-06-30,2021-06-30,"2",3,183.5,30.11,77,84,77,45,29,45,927,NA,NA,"Steer","B",38.6055555555556,38.6055555555556,NA,0,99,5,0,0,2021-06-30,"104"
"281","331",2021-06-30,2021-06-30,"2",3,184.6,64.38,77,85,77,45,29,45,833,NA,NA,"Heifer","B",23.2166666666667,23.2166666666667,NA,0,67,2,0,0,2021-06-30,"69"
"282","332",2021-06-30,2021-06-30,"2",3,221,21.35,77,84,79,45,29,38,906,NA,NA,"Steer","B",33,33,NA,0,80,3,0,0,2021-06-30,"83"
"283","333",2021-06-30,2021-06-30,"2",3,140.5,19.65,82,80,82,38,40,38,839,NA,NA,"Steer","B",7.77777777777778,7.77777777777778,NA,1,338,28,2,0,2021-06-30,"366"
"284","334",2021-06-30,2021-06-30,"2",3,NA,43.73,79,85,79,38,29,38,863,NA,NA,"Steer","B",15,15,NA,0,11,0,0,0,2021-06-30,"11"
"285","335",2021-06-30,2021-06-30,"2",3,156.5,33.15,82,77,80,38,46,40,872,NA,NA,"Steer","B",41.8333333333333,41.8333333333333,NA,0,206,11,0,0,2021-06-30,"217"
"286","336",2021-06-30,2021-06-30,"2",3,56.5,31.31,80,77,80,40,46,40,910,NA,NA,"Steer","B",9.5,6.33333333333333,NA,0,97,3,0,0,2021-06-30,"100"
"287","337",2021-06-30,2021-06-30,"2",3,45.5,15.84,82,77,80,38,46,40,914,NA,NA,"Steer","B",60,60,NA,0,72,2,0,0,2021-06-30,"74"
"288","338",2021-06-30,2021-06-30,"2",3,80.5,19.69,82,82,82,38,38,38,807,NA,NA,"Heifer","B",11.5,11.5,NA,0,149,9,0,0,2021-06-30,"159"
"289","339",2021-06-30,2021-06-30,"2",3,27,25.86,85,82,85,29,38,29,811,NA,NA,"Mix","B",37,37,NA,0,44,0,0,0,2021-06-30,"44"
"290","339",2021-06-30,2021-06-30,"2",3,118,25.86,85,82,85,29,38,29,811,NA,NA,"Mix","B",37,37,NA,0,44,0,0,0,2021-06-30,"44"
"291","401",2021-06-09,2021-06-10,"1",2,729.5,31.44,96,72,96,19,97,19,NA,NA,NA,"Steer","A",17.7142857142857,91.7142857142857,74,NA,NA,NA,NA,NA,2021-06-09,"337"
"292","402",2021-06-10,2021-06-10,"1",2,87,30,72,72,72,97,93,97,761,65.56,1161,"Steer","A",4.85714285714286,87.8571428571429,83,NA,NA,NA,NA,NA,2021-06-10,"277"
"293","403",2021-06-10,2021-06-10,"1",2,126.5,26.07,72,72,72,97,93,97,730,65.15,1120,"Heifer","A",5.28571428571429,88.2857142857143,83,NA,NA,NA,NA,NA,2021-06-10,"255"
"294","404",2021-06-10,2021-06-10,"1",2,120.5,27.36,72,73,72,97,93,100,801,65.96,1214,"Steer","A",4.85714285714286,87.8571428571429,83,NA,NA,NA,NA,NA,2021-06-10,"243"
"295","405",2021-06-10,2021-06-10,"1",2,179,24.81,72,76,72,100,85,100,809,65.41,1237,"Steer","A",10,93,83,NA,NA,NA,NA,NA,2021-06-10,"201"
"296","405",2021-06-10,2021-06-10,"1",2,179,24.81,72,76,72,100,85,100,809,65.41,1237,"Steer","A",10,93,83,NA,NA,NA,NA,NA,2021-06-10,"1"
"297","405",2021-06-10,2021-06-10,"1",2,179,24.81,72,76,72,100,85,100,809,65.41,1237,"Steer","A",10,93,83,NA,NA,NA,NA,NA,2021-06-10,"201"
"298","405",2021-06-10,2021-06-10,"1",2,179,24.81,72,76,72,100,85,100,809,65.41,1237,"Steer","A",10,93,83,NA,NA,NA,NA,NA,2021-06-10,"1"
"299","405",2021-06-10,2021-06-10,"1",2,179,24.81,72,76,72,100,85,100,809,65.41,1237,"Heifer","A",10,93,83,NA,NA,NA,NA,NA,2021-06-10,"201"
"300","405",2021-06-10,2021-06-10,"1",2,179,24.81,72,76,72,100,85,100,809,65.41,1237,"Heifer","A",10,93,83,NA,NA,NA,NA,NA,2021-06-10,"1"
"301","405",2021-06-10,2021-06-10,"1",2,179,24.81,72,76,72,100,85,100,809,65.41,1237,"Heifer","A",10,93,83,NA,NA,NA,NA,NA,2021-06-10,"201"
"302","405",2021-06-10,2021-06-10,"1",2,179,24.81,72,76,72,100,85,100,809,65.41,1237,"Heifer","A",10,93,83,NA,NA,NA,NA,NA,2021-06-10,"1"
"303","406",2021-06-10,2021-06-10,"1",2,95,29.95,73,79,73,93,74,93,862,64.58,1335,"Steer","A",5,62,57,NA,NA,NA,NA,NA,2021-06-10,"111"
"304","407",2021-06-10,2021-06-10,"1",2,102,24.44,73,79,73,93,74,93,886,66.13,1340,"Steer","A",9.25,89.25,80,NA,NA,NA,NA,NA,2021-06-10,"136"
"305","408",2021-06-10,2021-06-10,"1",2,219,24.14,72,72,72,93,93,93,786,64.77,1214,"Heifer","A",11.0833333333333,94.0833333333333,83,NA,NA,NA,NA,NA,2021-06-10,"439"
"306","409",2021-06-10,2021-06-10,"1",2,223.5,34.27,73,87,76,93,55,85,892,66.6,1339,"Steer","A",14.3333333333333,94.3333333333333,80,NA,NA,NA,NA,NA,2021-06-10,"97"
"307","410",2021-06-10,2021-06-10,"1",2,225,25.97,76,91,76,85,47,85,665,62.8,1059,"Heifer","A",12.2,54.2,42,NA,NA,NA,NA,NA,2021-06-10,"192"
"308","411",2021-06-10,2021-06-10,"1",2,242.5,23.76,76,91,76,85,47,85,922,64.89,1421,"Steer","A",8.6,88.6,80,NA,NA,NA,NA,NA,2021-06-10,"188"
"309","414",2021-07-08,2021-07-08,"2",3,72,23.51,102,92,94,13,21,18,885,NA,NA,"Mix","B",67,67,NA,0,51,10,0,0,2021-07-08,"61"
"310","414",2021-09-16,2021-09-16,"1",1,302,31.29,89,86,89,45,48,45,NA,NA,NA,"Steer","B",0,57,57,0,38,1,1,0,2021-09-16,"40"
"311","415",2021-07-08,2021-07-08,"2",3,NA,25.75,96,89,92,20,26,21,848,NA,NA,"Steer","B",36.75,36.75,NA,1,151,9,0,0,2021-07-08,"160"
"312","415",2021-09-16,2021-09-16,"1",1,265,28.728,89,82,82,45,54,41,NA,NA,NA,"Steer","B",6,63,57,0,415,14,0,0,2021-09-16,"429"
"313","416",2021-06-24,2021-06-24,"1",1,161.833333333333,30.768,75,77,75,79,84,79,946,63.8,1477,"Steer","B",10.8518518518519,67.8518518518518,57,1,307,13,0,0,2021-06-24,"319"
"314","416",2021-09-16,2021-09-16,"1",1,342,31.4533333333333,92,74,91,39,66,41,NA,NA,NA,"Steer","B",8.16666666666667,60.1666666666667,52,0,202,6,0,0,2021-09-16,"208"
"315","417",2021-06-24,2021-06-24,"1",1,216.65,25.44,75,77,75,79,84,79,804,62.16,1293,"Steer","B",4.85833333333333,87.8583333333333,83,0,85,2,0,0,2021-06-24,"87"
"316","417",2021-09-16,2021-09-16,"1",1,300,29.6966666666667,91,76,91,41,62,41,NA,NA,NA,"Steer","B",13.4444444444444,68.2,57,0,339,7,0,0,2021-09-16,"346"
"317","418",2021-06-24,2021-06-24,"1",1,217.816666666667,31.62,75,77,76,79,84,76,883,63.29,1380,"Steer","B",8.3,114.3,106,0,87,2,0,0,2021-06-24,"89"
"318","418",2021-07-08,2021-07-08,"2",3,74.5,NA,94,92,96,18,21,20,863,NA,NA,".","B",32,32,NA,0,18,1,0,0,2021-07-08,"19"
"319","418",2021-10-21,2021-10-21,"1",2,139,28.64,63,75,63,48,41,48,854,65.01,1313,"Steer","B",6.66666666666667,63.6666666666667,57,1,192,22,0,0,2021-10-21,"214"
"320","419",2021-06-24,2021-06-24,"1",1,233.833333333333,46.69,75,80,76,79,74,76,778,62.42,1247,"Steer","B",15.1666666666667,205.166666666667,190,0,41,6,0,0,2021-06-24,"47"
"321","419",2021-07-08,2021-07-08,"2",3,114,42.69,102,92,94,13,21,18,785,NA,NA,"Heifer","B",65,65,NA,0,82,4,0,0,2021-07-08,"86"
"322","419",2021-10-21,2021-10-21,"1",2,147,39.11,63,77,63,48,34,48,787,64.89,1213,"Steer","B",6.33333333333333,89.3333333333333,83,1,76,9,0,0,2021-10-21,"85"
"323","420",2021-06-24,2021-06-24,"1",1,240.966666666667,26.63,75,80,76,79,74,76,755,62.91,1199,"Steer","B",17.0333333333333,207.033333333333,190,0,47,0,0,0,2021-06-24,"47"
"324","420",2021-07-08,2021-07-08,"2",3,69,31.82,94,92,96,18,21,20,813,NA,NA,"Heifer","B",35,35,NA,0,44,11,0,0,2021-07-08,"55"
"325","420",2021-10-21,2021-10-21,"1",2,110,30.22,67,75,67,45,41,45,722,663.6,1135,"Heifer","B",11.3333333333333,80.3333333333333,69,0,99,11,0,0,2021-10-21,"110"
"326","420",2022-02-24,2022-02-24,"1",2,284,24.52,19,44,19,54,26,54,885,65.78,1345,"Steer","B",10.4285714285714,111.428571428571,101,0,234,15,1,0,2022-02-24,"250"
"327","421",2021-06-24,2021-06-24,"1",1,241.366666666667,32.09,76,80,76,76,74,76,902,63.5,1420,"Steer","B",4.64166666666667,110.641666666667,106,0,80,1,0,0,2021-06-24,"81"
"328","421",2021-07-08,2021-07-08,"2",3,92,6.41,94,92,94,18,21,18,827,NA,NA,"Heifer","B",25.5,25.5,NA,0,72,3,0,0,2021-07-08,"75"
"329","421",2021-09-16,2021-09-16,"1",1,404,55.91,91,70,91,41,76,41,NA,NA,NA,"Steer","B",7,59,52,0,10,1,0,0,2021-09-16,"11"
"330","421",2021-10-21,2021-10-21,"1",2,164,23.41,67,77,67,45,34,45,832,66.07,1260,"Steer","B",12,95,83,0,63,8,0,0,2021-10-21,"71"
"331","421",2022-02-24,2022-02-24,"1",2,295.5,25.18,19,44,19,54,26,54,823,61.57,1336,"Heifer","B",4.33333333333333,105.333333333333,101,0,64,2,0,0,2022-02-24,"66"
"332","422",2021-06-24,2021-06-24,"1",1,242.95,30.38,76,80,76,76,74,76,949,61.76,1537,"Steer","B",9.55,66.55,57,0,41,1,0,0,2021-06-24,"42"
"333","422",2021-10-21,2021-10-21,"1",2,161,44.92,67,77,72,45,34,43,781,63.5,1230,"Steer","B",13,82,69,0,35,2,0,0,2021-10-21,"37"
"334","422",2022-02-24,2022-02-24,"1",2,288.5,29.16,24,49,24,44,19,44,952,64.36,1479,"Steer","B",8,109,101,0,45,12,0,0,2022-02-24,"57"
"335","423",2021-06-24,2021-06-24,"1",1,263,29.385,76,80,75,76,64,78,844,63.28,1334,"Heifer","B",18,115,97,0,58,1,0,0,2021-06-24,"59"
"336","423",2021-10-21,2021-10-21,"1",2,169.5,22.77,67,77,72,45,34,43,766,63.43,1208,"Steer","B",12,86,74,0,70,3,0,0,2021-10-21,"73"
"337","423",2022-02-24,2022-02-24,"1",2,NA,NA,NA,49,NA,NA,19,NA,1133,67.04,1690,"Steer","B",NA,NA,101,0,0,1,0,0,2022-02-24,"1"
"338","424",2021-06-24,2021-06-24,"1",1,219.983333333333,36.465,76,73,74,76,84,93,844,63.93,1320,"Heifer","B",72.64,169.64,97,1,186,9,0,0,2021-06-24,"195"
"339","424",2021-10-21,2021-10-21,"1",2,NA,NA,NA,77,NA,NA,33,NA,768,63.47,1210,"Steer","B",NA,NA,83,0,1,0,0,0,2021-10-21,"1"
"340","424",2022-02-24,2022-02-24,"1",2,272,26.38,24,49,24,44,19,44,799,64.93,1231,"Steer","B",5.5,77.5,72,0,58,4,1,0,2022-02-24,"63"
"341","425",2021-06-24,2021-06-24,"1",1,NA,26.325,NA,80,NA,NA,64,NA,837,65.14,1285,"Heifer","B",NA,0,NA,0,66,0,0,0,2021-06-24,"66"
"342","425",2021-07-08,2021-07-08,"2",3,63,23.67,102,92,96,13,21,20,785,NA,NA,".","B",75.3333333333333,75.3333333333333,NA,0,99,6,0,0,2021-07-08,"105"
"343","425",2021-10-21,2021-10-21,"1",2,108,45.75,75,77,75,41,33,41,780,63.75,1223,"Steer","B",5,62,57,0,104,5,0,0,2021-10-21,"109"
"344","425",2022-02-24,2022-02-24,"1",2,318,27.05,28,48,28,36,16,36,873,65.55,1331,"Steer","B",14,115,101,0,276,12,0,0,2022-02-24,"288"
"345","426",2021-06-24,2021-06-24,"1",1,226.133333333333,25.97,76,76,73,76,69,94,760,63.08,1205,"Heifer","B",52.2777777777778,182.277777777778,130,1,139,1,0,0,2021-06-24,"140"
"346","426",2021-10-21,2021-10-21,"1",2,191,23.41,72,77,72,43,33,43,770,66.6,1157,"Heifer","B",3.5,156.5,153,0,60,11,0,0,2021-10-21,"71"
"347","426",2022-02-24,2022-02-24,"1",2,310,23.64,28,48,28,36,16,36,861,63.77,1350,"Steer","B",16.4,90.4,74,0,182,7,0,0,2022-02-24,"189"
"348","427",2021-06-24,2021-06-24,"1",1,255.633333333333,25.96,76,73,74,76,84,93,897,62.51,1434,"Steer","B",65.9166666666667,191.916666666667,126,1,101,15,0,0,2021-06-24,"116"
"349","427",2021-10-21,2021-10-21,"1",2,131,43.92,75,76,75,41,36,41,841,64.49,1304,"Steer","B",8.26666666666667,64.5625,57,1,325,19,0,0,2021-10-21,"343"
"350","427",2022-02-24,2022-02-24,"1",2,363.5,22.31,24,48,28,44,16,36,826,64.61,1278,"Steer","B",19.6,91.6,72,0,144,5,0,0,2022-02-24,"149"
"351","428",2021-06-24,2021-06-24,"1",1,253.5,NA,75,80,75,78,64,78,824,64.85,1271,"Mix","B",6.38888888888889,149.388888888889,143,0,119,3,0,0,2021-06-24,"122"
"352","428",2021-07-08,2021-07-08,"2",3,157.5,23.72,93,102,97,25,13,19,917,NA,NA,"Steer","B",46.4,46.4,NA,0,138,41,1,0,2021-07-08,"180"
"353","428",2021-10-21,2021-10-21,"1",2,39,31.36,77,77,77,34,33,34,793,64.89,1223,"Steer","B",8,58,50,1,88,18,0,0,2021-10-21,"106"
"354","428",2022-02-24,2022-02-24,"1",2,249.5,18.47,39,38,39,30,28,30,776,64.5,1204,"Heifer","B",12.6666666666667,146.666666666667,134,0,84,6,0,0,2022-02-24,"90"
"355","429",2021-06-24,2021-06-24,"1",1,274,43.27,75,69,77,89,93,84,891,62.58,1424,"Steer","B",27,189,162,0,47,2,0,0,2021-06-24,"49"
"356","429",2021-07-08,2021-07-08,"2",3,49,26.22,97,102,101,19,13,15,919,NA,NA,"Mix","B",101,101,NA,0,126,12,2,0,2021-07-08,"140"
"357","429",2022-02-24,2022-02-24,"1",2,249,25.18,39,35,39,30,30,30,883,64.35,1373,"Steer","B",11.75,104.75,93,0,125,7,0,0,2022-02-24,"132"
"358","430",2021-07-08,2021-07-08,"2",3,93.5,16.29,93,102,101,25,13,15,913,NA,NA,"Steer","B",87.8,87.8,NA,0,131,22,0,0,2021-07-08,"153"
"359","430",2022-02-24,2022-02-24,"1",2,288.5,17.87,39,35,44,30,30,26,784,64.09,1224,"Steer","B",22.3333333333333,85.3333333333333,63,0,85,8,0,0,2022-02-24,"93"
"360","431",2022-02-24,2022-02-24,"1",2,279,25.77,44,30,44,26,41,26,909,65.25,1393,"Steer","B",12.5,105.5,93,0,123,6,0,0,2022-02-24,"129"
"361","432",2022-02-24,2022-02-24,"1",2,289,26.18,44,30,49,26,41,19,783,63.9,1226,"Heifer","B",15.25,108.25,93,0,125,2,0,0,2022-02-24,"127"
"362","433",2022-02-24,2022-02-24,"1",2,298,19.33,49,35,49,19,55,19,797,63.79,1249,"Heifer","B",6,140,134,0,82,3,1,0,2022-02-24,"86"
"363","434",2022-02-24,2022-02-24,"1",2,451,25.18,39,35,39,30,55,30,848,63.41,1337,"Heifer","B",4,138,134,0,63,3,0,0,2022-02-24,"66"
"364","435",2021-07-08,2021-07-08,"2",3,28,14.58,97,102,102,19,13,13,730,NA,NA,".","B",133,133,NA,0,30,2,1,0,2021-07-08,"33"
"365","435",2022-02-24,2022-02-24,"1",2,348.5,24.71,44,35,49,26,55,19,760,63.69,1194,"Heifer","B",13.3333333333333,91.3333333333333,78,0,217,31,0,0,2022-02-24,"248"
"366","436",2021-07-08,2021-07-08,"2",3,73,6.45,92,93,89,21,16,26,862,NA,NA,"Heifer","B",48.3333333333333,48.3333333333333,NA,0,332,32,0,0,2021-07-08,"364"
"367","436",2022-02-24,2022-02-24,"1",2,295.5,24.28,48,20,48,16,71,16,731,63.7,1147,"Heifer","B",4,82,78,0,171,13,0,0,2022-02-24,"184"
"368","438",2021-07-08,2021-07-08,"2",3,NA,NA,86,NA,93,31,NA,16,850,NA,NA,"Steer","B",28,28,NA,NA,0,0,0,0,2021-07-08,"101"
"369","439",2021-07-08,2021-07-08,"2",3,26.5,18.74,92,93,86,21,16,31,923,NA,NA,"Steer","B",101.25,101.25,NA,0,120,13,0,0,2021-07-08,"133"
"370","440",2021-07-08,2021-07-08,"2",3,NA,NA,86,NA,83,31,NA,31,757,NA,NA,"Heifer","B",108,108,NA,NA,0,0,0,0,2021-07-08,"215"
"371","441",2021-07-08,2021-07-08,"2",3,40.5,18.73,94,92,96,18,21,20,951,NA,NA,"Steer","B",68.5,68.5,NA,0,65,5,0,0,2021-07-08,"70"
"372","501",2021-06-10,2021-06-11,"1",2,737,54.5,99,72,99,0,78,0,NA,NA,NA,"Mix","A",35,246,211,0,61,0,0,0,2021-06-10,"61"
"373","502",2021-06-10,2021-06-11,"1",2,689,36.09,98,72,98,0,78,0,NA,NA,NA,"Heifer","A",34,117,83,0,298,10,0,0,2021-06-10,"308"
"374","502",2021-06-24,2021-06-25,"1",1,729,28.89,80,66,80,74,93,74,NA,NA,NA,"Heifer","A",9.5,168.5,159,0,75,2,0,0,2021-06-24,"77"
"375","503",2021-06-11,2021-06-11,"1",2,38.5,24.99,72,72,72,78,78,78,816,61.83,1320,"Heifer","A",5,86,81,0,131,2,0,0,2021-06-11,"133"
"376","503",2021-06-24,2021-06-25,"1",1,746,32.03,80,66,80,64,93,64,NA,NA,NA,"Mix","A",19,178,159,0,73,2,0,0,2021-06-24,"75"
"377","504",2021-06-10,2021-06-11,"1",2,826,27.83,96,72,99,0,78,0,NA,NA,NA,"Heifer","A",30.25,113.25,83,1,311,10,0,0,2021-06-10,"321"
"378","504",2021-06-24,2021-06-25,"1",1,770,31.1475,80,66,76,64,93,69,NA,NA,NA,"Heifer","A",28.2857142857143,80.2857142857143,52,0,262,4,0,0,2021-06-24,"266"
"379","504",2021-10-22,2021-10-22,"1",2,47.5,23.25,53,51,53,69,89,69,958,64.54,1485,"Steer","A",3.42857142857143,86.4285714285714,83,1,261,30,0,0,2021-10-22,"286"
"380","505",2021-06-11,2021-06-11,"1",2,48.5,31.07,72,72,72,78,78,78,813,62.51,1301,"Heifer","A",9.33333333333333,90.3333333333333,81,0,106,1,0,0,2021-06-11,"107"
"381","505",2021-06-24,2021-06-25,"1",1,761.5,28.865,80,68,76,64,90,69,NA,NA,NA,"Steer","A",84.6666666666667,120.666666666667,36,0,116,3,0,0,2021-06-24,"119"
"382","505",2021-10-22,2021-10-22,"1",2,37.5,20.78,53,52,53,69,71,69,914,64.43,1419,"Steer","A",4,87,83,1,73,7,0,0,2021-10-22,"80"
"383","506",2021-06-11,2021-06-11,"1",2,79,36.4,72,80,72,78,54,78,809,62.62,1292,"Heifer","A",4.5,85.5,81,1,116,3,0,0,2021-06-11,"137"
"384","506",2021-06-24,2021-06-25,"1",1,724,27.1142857142857,80,70,76,64,94,69,NA,NA,NA,"Heifer","A",74.3333333333333,373.333333333333,299,0,207,6,0,0,2021-06-24,"213"
"385","506",2021-10-22,2021-10-22,"1",2,91,29.95,53,52,53,69,71,69,953,64.1,1487,"Steer","A",5,88,83,0,98,13,0,0,2021-10-22,"111"
"386","507",2021-06-11,2021-06-11,"1",2,182.5,24.99,74,80,74,79,54,79,914,63.59,1437,"Steer","A",4.5,85.5,81,0,132,1,0,0,2021-06-11,"133"
"387","507",2021-06-24,2021-06-25,"1",1,746,45.585,80,70,73,64,94,84,NA,NA,NA,"Heifer","A",122.5,159.5,37,0,94,3,0,0,2021-06-24,"97"
"388","507",2021-10-22,2021-10-22,"1",2,91,NA,52,51,52,71,89,71,1210,66.23,2419,"Heifer","A",8,91,83,0,1,1,0,0,2021-10-22,"2"
"389","508",2021-06-11,2021-06-11,"1",2,260.5,36.94,76,80,76,76,54,76,883,64.37,1372,"Steer","A",37.5,666.5,629,0,42,3,0,0,2021-06-11,"45"
"390","508",2021-10-22,2021-10-22,"1",2,27,22.56,51,50,51,89,93,89,971,64.74,1500,"Steer","A",6.16666666666667,89.1666666666667,83,1,206,14,1,0,2021-10-22,"221"
"391","509",2021-10-22,2021-10-22,"1",2,53,34.87,51,50,51,89,93,89,939,65.69,1430,"Steer","A",4.5,87.5,83,1,133,10,0,0,2021-10-22,"143"
"392","513",2021-09-17,2021-09-17,"1",1,395.5,30.84,61,62,61,78,80,78,NA,NA,NA,"Steer","B",2.375,59.375,57,0,266,19,1,0,2021-09-17,"286"
"393","514",2021-09-17,2021-09-17,"1",1,424,33.3,62,59,62,72,87,72,NA,NA,NA,"Steer","B",9,66,57,0,137,4,0,0,2021-09-17,"141"
"394","515",2021-09-17,2021-09-17,"1",1,454.5,29.12,67,59,67,61,83,61,NA,NA,NA,"Steer","B",6,63,57,0,135,7,0,0,2021-09-17,"142"
"395","519",2022-02-25,2022-02-25,"1",2,NA,25.02,NA,33,NA,NA,43,NA,945,63.34,1492,"Steer","B",NA,NA,83,NA,228,17,0,0,2022-02-25,"245"
"396","520",2022-02-25,2022-02-25,"1",2,NA,19.1,17,NA,20,88,NA,78,791,65.12,1214,"Heifer","B",53.3333333333333,127.333333333333,74,NA,0,0,0,0,2022-02-25,"87"
"397","521",2022-02-25,2022-02-25,"1",2,225,25.57,17,33,19,88,43,85,900,65.7,1370,"Steer","B",61,144,83,NA,128,2,0,0,2022-02-25,"130"
"398","522",2022-02-25,2022-02-25,"1",2,265,37.78,21,36,25,75,39,66,731,61.59,1186,"Mix","B",18.5,75.5,57,NA,86,2,0,0,2022-02-25,"88"
"399","523",2022-02-25,2022-02-25,"1",2,292.5,34.36,17,35,19,88,40,85,861,63.87,1348,"Steer","B",30.5,80.5,50,NA,118,10,2,0,2022-02-25,"130"
"400","524",2022-02-25,2022-02-25,"1",2,267.5,33.92,19,35,21,85,40,75,795,65.2,1220,"Heifer","B",35.5,109.5,74,NA,45,4,0,0,2022-02-25,"49"
"401","525",2022-02-25,2022-02-25,"1",2,261,36.94,20,35,21,78,40,75,826,65.06,1270,"Heifer","B",42.5,116.5,74,NA,41,3,1,0,2022-02-25,"45"
"402","526",2022-02-25,2022-02-25,"1",2,318,36.94,19,36,21,85,39,75,830,65.7,1263,"Heifer","B",42,116,74,NA,42,3,0,0,2022-02-25,"45"
"403","527",2022-02-25,2022-02-25,"1",2,374,24.09,17,36,19,88,39,85,812,63.64,1283,"Steer","B",52,102,50,NA,62,6,1,0,2022-02-25,"69"
"404","528",2022-02-25,2022-02-25,"1",2,NA,19.55,NA,36,NA,NA,39,NA,809,64.08,1263,"Steer","B",NA,NA,50,NA,82,3,0,0,2022-02-25,"85"
"405","529",2022-02-25,2022-02-25,"1",2,244.5,26.75,25,34,29,63,38,51,894,64.74,1380,".","B",20.6,94.6,74,NA,163,4,0,0,2022-02-25,"167"
"406","530",2022-02-25,2022-02-25,"1",2,385,30.05,25,28,25,66,45,63,902,63.66,1417,"Steer","B",34.6666666666667,91.6666666666667,57,NA,191,12,1,0,2022-02-25,"204"
"407","531",2022-02-25,2022-02-25,"1",2,357,33.58,21,32,25,75,40,66,892,65.08,1371,"Steer","B",32,106,74,NA,97,2,0,0,2022-02-25,"99"
"408","532",2022-02-25,2022-02-25,"1",2,392,36.94,25,28,25,66,45,63,943,63.2,1492,"Steer","B",35,119,84,NA,44,0,1,0,2022-02-25,"45"
"409","533",2022-02-25,2022-02-25,"1",2,370.5,36.94,29,28,29,51,45,51,936,62.3,1502,"Steer","B",24,108,84,NA,41,4,0,0,2022-02-25,"45"
"410","534",2022-02-25,2022-02-25,"1",2,294,34.99,33,28,33,43,45,43,794,62.79,1265,"Heifer","B",4,105,101,NA,93,2,0,0,2022-02-25,"95"
"411","535",2022-02-25,2022-02-25,"1",2,278.5,22.77,35,28,35,40,45,40,764,63.32,1207,"Heifer","B",6,116,110,NA,62,9,2,0,2022-02-25,"73"
"412","536",2022-02-25,2022-02-25,"1",2,283.5,21.04,35,24,35,40,48,40,788,62.46,1262,"Heifer","B",14.5,124.5,110,NA,75,4,0,0,2022-02-25,"79"
"413","537",2022-02-25,2022-02-25,"1",2,292,23.09,35,24,35,40,48,40,786,63.2,1243,"Heifer","B",12,122,110,NA,72,0,0,0,2022-02-25,"72"
"414","538",2022-02-25,2022-02-25,"1",2,NA,33.34,35,NA,36,40,NA,39,840,64.87,1294,"Heifer","B",9,110,101,NA,0,0,0,0,2022-02-25,"134"
"415","539",2022-02-25,2022-02-25,"1",2,NA,21.59,36,NA,36,39,NA,39,831,62.91,1321,"Steer","B",12,122,110,NA,0,0,0,0,2022-02-25,"77"
"416","540",2022-02-25,2022-02-25,"1",2,NA,20.78,35,NA,36,40,NA,39,806,64.2,1256,"Heifer","B",12.6666666666667,122.666666666667,110,NA,0,0,0,0,2022-02-25,"80"
"417","541",2022-02-25,2022-02-25,"1",2,NA,31.91,36,NA,36,39,NA,39,762,62.69,1216,"Mix","B",7.66666666666667,117.666666666667,110,NA,0,0,0,0,2022-02-25,"140"
"418","542",2022-02-25,2022-02-25,"1",2,NA,28.17,34,NA,34,38,NA,38,888,62.67,1426,"Steer","B",11.5,125.5,114,NA,0,0,0,0,2022-02-25,"59"
"419","543",2022-02-25,2022-02-25,"1",2,NA,19.55,34,NA,34,38,NA,38,892,63.6,1402,"Steer","B",7.66666666666667,121.666666666667,114,NA,0,0,0,0,2022-02-25,"85"
"420","544",2022-02-25,2022-02-25,"1",2,NA,30.39,34,NA,34,38,NA,38,935,63.07,1483,"Steer","B",12,126,114,NA,0,0,0,0,2022-02-25,"147"
"421","601",2021-09-17,2021-09-18,"1",1,689,47.71,68,54,62,61,90,80,NA,NA,NA,"Heifer","A",NA,NA,NA,0,45,1,0,0,2021-09-17,"46"
"422","601",2022-02-25,2022-02-26,"1",2,NA,66.48,NA,14,NA,NA,80,NA,914,63.6,1437,"Steer","A",NA,NA,114,0,24,1,0,0,2022-02-25,"25"
"423","602",2021-09-17,2021-09-18,"1",1,654,69.74,59,54,59,87,90,87,NA,NA,NA,"Mix","A",NA,NA,NA,0,29,2,0,0,2021-09-17,"31"
"424","602",2022-02-25,2022-02-26,"1",2,NA,30.22,28,11,28,45,81,45,893,63.68,1403,"Steer","A",4.33333333333333,118.333333333333,114,0,106,4,0,0,2022-02-25,"110"
"425","603",2021-09-17,2021-09-18,"1",1,674.5,36.77,59,54,59,87,90,87,NA,NA,NA,"Steer","A",NA,NA,NA,0,83,6,0,0,2021-09-17,"89"
"426","603",2022-02-25,2022-02-26,"1",2,NA,33.92,28,11,28,45,81,45,827,62.41,1326,"Mix","A",6,120,114,0,46,3,0,0,2022-02-25,"49"
"427","604",2021-09-17,2021-09-18,"1",1,774.5,36.62,68,59,68,61,83,61,NA,NA,NA,"Mix","A",NA,NA,NA,0,267,12,1,0,2021-09-17,"280"
"428","604",2022-02-25,2022-02-26,"1",2,NA,32.59,32,11,32,40,81,40,839,62.98,1332,"Steer","A",5.5,119.5,114,0,49,2,0,0,2022-02-25,"51"
"429","605",2021-09-17,2021-09-18,"1",1,770,50.81,62,59,62,80,83,80,NA,NA,NA,"Steer","A",NA,NA,NA,0,77,3,0,0,2021-09-17,"80"
"430","605",2022-02-25,2022-02-26,"1",2,NA,36.7,32,11,32,40,81,40,925,63.39,1459,"Steer","A",4.75,118.75,114,0,158,9,0,0,2022-02-25,"167"
"431","606",2021-09-17,2021-09-18,"1",1,678.5,54.57,59,64,59,83,80,83,NA,NA,NA,"Steer","A",NA,NA,NA,0,94,0,0,0,2021-09-17,"94"
"432","607",2021-09-17,2021-09-18,"1",1,750.5,19.445,59,66,59,83,83,83,NA,NA,NA,"Mix","A",NA,NA,NA,0,114,6,0,0,2021-09-17,"120"
"433","608",2021-09-17,2021-09-18,"1",1,636.5,37.835,58,66,58,87,83,84,NA,NA,NA,"Steer","A",NA,NA,NA,0,53,5,0,0,2021-09-17,"58"
"434","609",2021-09-17,2021-09-18,"1",1,658,50.495,59,66,58,83,83,84,NA,NA,NA,"Heifer","A",NA,NA,NA,0,20,2,0,0,2021-09-17,"22"
"435","614",2021-09-17,2021-09-18,"1",1,878.5,26.2466666666667,71,54,71,55,90,55,NA,NA,NA,NA,NA,NA,NA,NA,NA,NA,NA,NA,NA,NA,NA
"436","There is a missing Greeley Day Here 5/21/21",NA,NA,NA,NA,NA,NA,NA,NA,NA,NA,NA,NA,NA,NA,NA,NA,NA,NA,NA,NA,NA,NA,NA,NA,NA,NA,NA
"437",NA,NA,NA,NA,NA,NA,NA,NA,NA,NA,NA,NA,NA,NA,NA,NA,NA,NA,NA,NA,NA,NA,NA,NA,NA,NA,NA,NA
